{
  "timestamp": "2025-11-25T11:20:16.940505",
  "seed": null,
  "optimized_parameters": {
    "a": 1.5979875128387049,
    "R0": 4.855625467907954,
    "Bmax": 12.822250473018924,
    "Tbar": 12.843830899658057
  },
  "fitness": 0.9579770271991352,
  "outputs": {
    "cost": 0.9570391407685201,
    "Q": 13.627012997974417,
    "P_elec_net": 651.2635507124006,
    "Ip": 15.26917877719777,
    "nbar": 1.7048486934364009,
    "nG": 1.9033517018277675,
    "betaN": 3.553393533083129,
    "qstar": 2.1907791665036047
  },
  "stability": {
    "is_stable": true,
    "violations": {},
    "margins": {
      "density": 0.10429129214571664,
      "beta": 0.9792012145749602,
      "qstar": 0.09538958325180236
    }
  },
  "settings": {
    "population_size": 100,
    "generations": 20,
    "crossover_rate": 0.7,
    "mutation_rate": 0.2,
    "patience": 15
  }
}